class_index,weight
0,0.6893901628447989
1,1.7152454780361757
2,1.0347300162114976
