class,roc_auc
adult,0.49099674678882754
old,0.5017284024122453
young,0.5126614008936479
macro,0.5017955166982402
