class,roc_auc
adult,0.49955079528393637
old,0.4962629068847483
young,0.4789534502525724
macro,0.49158905080708565
